ubigeo,nombdep,nombprov,nombdist,geo_shape
150101,LIMA,LIMA,LIMA,"POLYGON((-77.0123 -12.0536, -77.003 -12.0468, -77.0099 -12.0306, -77.0129 -12.0373, -77.0162 -12.0434, -77.0295 -12.0433, -77.0435 -12.0388, -77.0722 -12.0344, -77.083 -12.0363, -77.0816 -12.0469, -77.0877 -12.0517, -77.0871 -12.0615, -77.0778 -12.0685, -77.0612 -12.0675, -77.0538 -12.0491, -77.0424 -12.0509, -77.0457 -12.0653, -77.0382 -12.0677, -77.0363 -12.0799, -77.0281 -12.0787, -77.0354 -12.0598, -77.0175 -12.0575, -77.0032 -12.0626, -77.0018 -12.0617, -77.0123 -12.0536))"
150103,LIMA,LIMA,ATE,"POLYGON((-76.7846 -12.0093, -76.8052 -11.9985, -76.8133 -12.0024, -76.8373 -11.9923, -76.8441 -12.0027, -76.8998 -12.0141, -76.9008 -12.0146, -76.9211 -12.0225, -76.935 -12.0223, -76.9525 -12.0248, -76.9553 -12.0294, -76.944 -12.0276, -76.9378 -12.0438, -76.9733 -12.0584, -76.9818 -12.063, -76.9935 -12.0566, -76.9978 -12.0608, -76.9872 -12.0641, -76.9873 -12.0799, -76.9821 -12.085, -76.9761 -12.0783, -76.9679 -12.0655, -76.9445 -12.0568, -76.9394 -12.0649, -76.9215 -12.0661, -76.9137 -12.0596, -76.8891 -12.0594, -76.8519 -12.0377, -76.8336 -12.041, -76.8247 -12.0475, -76.8053 -12.0381, -76.7829 -12.0232, -76.7846 -12.0093))"
150104,LIMA,LIMA,BARRANCO,"POLYGON((-77.0292 -12.14, -77.0263 -12.1573, -77.0161 -12.1556, -77.0124 -12.1404, -77.018 -12.1312, -77.0292 -12.14))"
150105,LIMA,LIMA,BREÑA,"POLYGON((-77.0424 -12.0509, -77.0538 -12.0491, -77.0612 -12.0675, -77.0497 -12.0702, -77.0457 -12.0653, -77.0424 -12.0509))"
150106,LIMA,LIMA,CARABAYLLO,"POLYGON((-76.8183 -11.7478, -76.8338 -11.7438, -76.8527 -11.7487, -76.8677 -11.7475, -76.885 -11.7348, -76.9027 -11.7288, -76.9145 -11.7322, -76.9156 -11.7452, -76.9333 -11.7564, -76.951 -11.7471, -76.96 -11.7344, -76.9736 -11.7361, -76.9737 -11.748, -76.9853 -11.7463, -76.9968 -11.7524, -77.011 -11.7511, -77.0325 -11.7408, -77.0394 -11.7525, -77.0531 -11.7651, -77.057 -11.7858, -77.0727 -11.7919, -77.0823 -11.8009, -77.0922 -11.8036, -77.086 -11.8211, -77.0894 -11.8302, -77.0804 -11.8449, -77.0589 -11.8581, -77.0598 -11.8692, -77.0522 -11.8767, -77.0541 -11.8898, -77.0407 -11.8954, -77.0334 -11.9074, -77.0255 -11.9093, -77.0143 -11.9032, -77.0059 -11.9039, -76.988 -11.8971, -76.9766 -11.8913, -76.9621 -11.8729, -76.9423 -11.8609, -76.9342 -11.8447, -76.9356 -11.8337, -76.9164 -11.8314, -76.9033 -11.8227, -76.9066 -11.7961, -76.8965 -11.7932, -76.8775 -11.7946, -76.8615 -11.7989, -76.8512 -11.7981, -76.8433 -11.7857, -76.8255 -11.7773, -76.8049 -11.7559, -76.8183 -11.7478))"
150108,LIMA,LIMA,CHORRILLOS,"POLYGON((-77.0263 -12.1573, -77.0291 -12.1659, -77.0377 -12.1688, -77.0395 -12.1822, -77.0377 -12.2041, -76.9759 -12.2307, -76.977 -12.2177, -76.9729 -12.1953, -76.977 -12.1945, -76.9862 -12.1677, -76.9982 -12.167, -77.0024 -12.1742, -77.0138 -12.1666, -77.0161 -12.1556, -77.0263 -12.1573))"
150110,LIMA,LIMA,COMAS,"POLYGON((-77.0059 -11.9039, -77.0143 -11.9032, -77.0255 -11.9093, -77.0334 -11.9074, -77.0407 -11.8954, -77.0541 -11.8898, -77.0639 -11.9009, -77.0737 -11.9177, -77.0699 -11.9531, -77.0652 -11.9524, -77.0602 -11.9766, -77.0474 -11.9664, -77.0283 -11.9607, -77.0179 -11.9498, -77.0172 -11.9373, -77.0055 -11.93, -76.9902 -11.9135, -76.988 -11.8971, -77.0059 -11.9039))"
150112,LIMA,LIMA,INDEPENDENCIA,"POLYGON((-77.0283 -11.9607, -77.0474 -11.9664, -77.0602 -11.9766, -77.066 -11.9775, -77.0613 -12.0085, -77.053 -12.011, -77.045 -12.0118, -77.0309 -11.9968, -77.0283 -11.9607))"
150113,LIMA,LIMA,JESUS MARIA,"POLYGON((-77.0382 -12.0677, -77.0457 -12.0653, -77.0497 -12.0702, -77.0631 -12.0865, -77.055 -12.0919, -77.0487 -12.0851, -77.0363 -12.0799, -77.0382 -12.0677))"
150114,LIMA,LIMA,LA MOLINA,"POLYGON((-76.9137 -12.0596, -76.9215 -12.0661, -76.9394 -12.0649, -76.9445 -12.0568, -76.9679 -12.0655, -76.9761 -12.0783, -76.9609 -12.0917, -76.951 -12.1044, -76.9477 -12.1175, -76.9408 -12.1222, -76.9206 -12.119, -76.9108 -12.1223, -76.8963 -12.1123, -76.8857 -12.0921, -76.8856 -12.0764, -76.8911 -12.0672, -76.8891 -12.0594, -76.9137 -12.0596))"
150115,LIMA,LIMA,LA VICTORIA,"POLYGON((-77.0175 -12.0575, -77.0354 -12.0598, -77.0281 -12.0787, -77.0228 -12.0908, -77.0098 -12.089, -77.0041 -12.0841, -77.0103 -12.0782, -76.9963 -12.0683, -77.0032 -12.0626, -77.0175 -12.0575))"
150116,LIMA,LIMA,LINCE,"POLYGON((-77.0363 -12.0799, -77.0487 -12.0851, -77.0477 -12.0915, -77.0228 -12.0908, -77.0281 -12.0787, -77.0363 -12.0799))"
150117,LIMA,LIMA,LOS OLIVOS,"POLYGON((-77.0652 -11.9524, -77.0699 -11.9531, -77.0737 -11.9177, -77.084 -11.9368, -77.0861 -11.9474, -77.0833 -11.9766, -77.0784 -11.9832, -77.0847 -11.9967, -77.0798 -12.0127, -77.0613 -12.0085, -77.066 -11.9775, -77.0602 -11.9766, -77.0652 -11.9524))"
150119,LIMA,LIMA,LURIN,"POLYGON((-76.6771 -12.1756, -76.6902 -12.1818, -76.7043 -12.1778, -76.7094 -12.1708, -76.734 -12.1644, -76.746 -12.1775, -76.7584 -12.185, -76.7693 -12.1861, -76.7892 -12.2029, -76.7967 -12.1989, -76.8165 -12.2003, -76.8242 -12.2114, -76.8453 -12.2208, -76.843 -12.2359, -76.8597 -12.2389, -76.8727 -12.2251, -76.8715 -12.2204, -76.891 -12.2078, -76.9071 -12.234, -76.911 -12.2334, -76.9147 -12.2483, -76.9382 -12.2454, -76.9402 -12.2483, -76.9027 -12.2736, -76.8886 -12.2849, -76.8619 -12.2959, -76.8431 -12.3117, -76.8192 -12.2828, -76.8083 -12.2791, -76.7866 -12.2633, -76.7681 -12.2606, -76.7637 -12.2524, -76.7401 -12.2536, -76.7232 -12.2439, -76.7183 -12.229, -76.6977 -12.2171, -76.6901 -12.2023, -76.662 -12.178, -76.6771 -12.1756))"
150120,LIMA,LIMA,MAGDALENA DEL MAR,"POLYGON((-77.0721 -12.0836, -77.0783 -12.0967, -77.0609 -12.1082, -77.055 -12.0919, -77.0631 -12.0865, -77.0721 -12.0836))"
150121,LIMA,LIMA,PUEBLO LIBRE,"POLYGON((-77.0612 -12.0675, -77.0778 -12.0685, -77.0814 -12.0782, -77.0721 -12.0836, -77.0631 -12.0865, -77.0497 -12.0702, -77.0612 -12.0675))"
150122,LIMA,LIMA,MIRAFLORES,"POLYGON((-77.0138 -12.1193, -77.0259 -12.1192, -77.0274 -12.1028, -77.0367 -12.11, -77.0565 -12.1113, -77.0306 -12.1341, -77.0292 -12.14, -77.018 -12.1312, -77.0028 -12.1264, -77.0138 -12.1193))"
150128,LIMA,LIMA,RIMAC,"POLYGON((-77.0223 -12.0281, -77.0223 -12.0102, -77.0309 -11.9968, -77.045 -12.0118, -77.053 -12.011, -77.0507 -12.0222, -77.0443 -12.0285, -77.0435 -12.0388, -77.0295 -12.0433, -77.0162 -12.0434, -77.0129 -12.0373, -77.0223 -12.0281))"
150129,LIMA,LIMA,SAN BARTOLO,"POLYGON((-76.6819 -12.3533, -76.6784 -12.3335, -76.6934 -12.3399, -76.7254 -12.3413, -76.7558 -12.3575, -76.7662 -12.368, -76.7892 -12.3839, -76.7774 -12.3937, -76.7791 -12.4006, -76.7707 -12.3871, -76.7569 -12.4015, -76.7481 -12.3966, -76.7219 -12.3962, -76.6998 -12.383, -76.6834 -12.3821, -76.6753 -12.3762, -76.668 -12.3602, -76.6819 -12.3533))"
150130,LIMA,LIMA,SAN BORJA,"POLYGON((-76.9873 -12.0799, -77.0041 -12.0841, -77.0098 -12.089, -77.0105 -12.1073, -76.9936 -12.1113, -76.9782 -12.1102, -76.9821 -12.085, -76.9873 -12.0799))"
150131,LIMA,LIMA,SAN ISIDRO,"POLYGON((-77.055 -12.0919, -77.0609 -12.1082, -77.0565 -12.1113, -77.0367 -12.11, -77.0274 -12.1028, -77.0105 -12.1073, -77.0098 -12.089, -77.0228 -12.0908, -77.0477 -12.0915, -77.0487 -12.0851, -77.055 -12.0919))"
150132,LIMA,LIMA,SAN JUAN DE LURIGANCHO,"POLYGON((-76.9275 -11.9341, -76.9147 -11.9261, -76.918 -11.9065, -76.9121 -11.8893, -76.8989 -11.8825, -76.8961 -11.8641, -76.9118 -11.8649, -76.9307 -11.8706, -76.9423 -11.8609, -76.9621 -11.8729, -76.9766 -11.8913, -76.988 -11.8971, -76.9902 -11.9135, -77.0055 -11.93, -77.0172 -11.9373, -77.0179 -11.9498, -77.0283 -11.9607, -77.0309 -11.9968, -77.0223 -12.0102, -77.0223 -12.0281, -77.0129 -12.0373, -77.0099 -12.0306, -76.9812 -12.0255, -76.9683 -12.0266, -76.9524 -12.0214, -76.9563 -12.0098, -76.9692 -12.0005, -76.9696 -11.9992, -76.9694 -11.9949, -76.9535 -11.9694, -76.9502 -11.9538, -76.9409 -11.9523, -76.9314 -11.9422, -76.9275 -11.9341))"
150134,LIMA,LIMA,SAN LUIS,"POLYGON((-77.0018 -12.0617, -77.0032 -12.0626, -76.9963 -12.0683, -77.0103 -12.0782, -77.0041 -12.0841, -76.9873 -12.0799, -76.9872 -12.0641, -76.9978 -12.0608, -77.0018 -12.0617))"
150135,LIMA,LIMA,SAN MARTIN DE PORRES,"POLYGON((-77.0798 -12.0127, -77.0847 -11.9967, -77.0784 -11.9832, -77.0833 -11.9766, -77.0861 -11.9474, -77.084 -11.9368, -77.0952 -11.9497, -77.1208 -11.945, -77.1285 -11.9376, -77.1202 -11.951, -77.1159 -11.9707, -77.1097 -11.9762, -77.118 -11.9949, -77.0957 -12.0048, -77.0873 -12.0156, -77.0963 -12.0336, -77.0935 -12.0384, -77.083 -12.0363, -77.0722 -12.0344, -77.0435 -12.0388, -77.0443 -12.0285, -77.0507 -12.0222, -77.053 -12.011, -77.0613 -12.0085, -77.0798 -12.0127))"
150136,LIMA,LIMA,SAN MIGUEL,"POLYGON((-77.0871 -12.0615, -77.1047 -12.0633, -77.1115 -12.0795, -77.0783 -12.0967, -77.0721 -12.0836, -77.0814 -12.0782, -77.0778 -12.0685, -77.0871 -12.0615))"
150137,LIMA,LIMA,SANTA ANITA,"POLYGON((-76.9378 -12.0438, -76.944 -12.0276, -76.9553 -12.0294, -76.9846 -12.0443, -76.9865 -12.0562, -76.9733 -12.0584, -76.9378 -12.0438))"
150140,LIMA,LIMA,SANTIAGO DE SURCO,"POLYGON((-76.951 -12.1044, -76.9609 -12.0917, -76.9761 -12.0783, -76.9821 -12.085, -76.9782 -12.1102, -76.9936 -12.1113, -77.0028 -12.1264, -77.018 -12.1312, -77.0124 -12.1404, -77.0161 -12.1556, -77.0138 -12.1666, -77.0024 -12.1742, -76.9982 -12.167, -76.9862 -12.1677, -76.9808 -12.1387, -76.9662 -12.1292, -76.9555 -12.1157, -76.9477 -12.1175, -76.951 -12.1044))"
150141,LIMA,LIMA,SURQUILLO,"POLYGON((-77.0274 -12.1028, -77.0259 -12.1192, -77.0138 -12.1193, -77.0028 -12.1264, -76.9936 -12.1113, -77.0105 -12.1073, -77.0274 -12.1028))"
